seq_id,tm
31390,0.106816
31391,0.095376
31392,0.054628
31393,0.164834
31394,0.223707
31395,0.147161
31396,0.144513
31397,0.196968
31398,0.147497
31399,0.155196
31400,0.127362
31401,0.144982
31402,0.124607
31403,0.100252
31404,0.139733
31405,0.217937
31406,0.135374
31407,0.202527
31408,0.140186
31409,0.159399
31410,0.156584
31411,0.15603
31412,0.161081
31413,0.162264
31414,0.224648
31415,0.166144
31416,0.161281
31417,0.1611
31418,0.225844
31419,0.148408
31420,0.152103
31421,0.205743
31422,0.151306
31423,0.206868
31424,0.168058
31425,0.208533
31426,0.174041
31427,0.175689
31428,0.167049
31429,0.168761
31430,0.158637
31431,0.15797
31432,0.229222
31433,0.160529
31434,0.17819
31435,0.179331
31436,0.172952
31437,0.146653
31438,0.161439
31439,0.24364
31440,0.158651
31441,0.229985
31442,0.223132
31443,0.161605
31444,0.179403
31445,0.181002
31446,0.119459
31447,0.186288
31448,0.144958
31449,0.138298
31450,0.13919
31451,0.203465
31452,0.129624
31453,0.131687
31454,0.132035
31455,0.180293
31456,0.142265
31457,0.178201
31458,0.173795
31459,0.17219
31460,0.111235
31461,0.163005
31462,0.226651
31463,0.1487
31464,0.152068
31465,0.164697
31466,0.175152
31467,0.178528
31468,0.178893
31469,0.12055
31470,0.119309
31471,0.176467
31472,0.10034
31473,0.153546
31474,0.057438
31475,0.152617
31476,0.1585
31477,0.117974
31478,0.079568
31479,0.164648
31480,0.115642
31481,0.172153
31482,0.159346
31483,0.149407
31484,0.169545
31485,0.175324
31486,0.176633
31487,0.162198
31488,0.155073
31489,0.131339
31490,0.083594
31491,0.084767
31492,0.157173
31493,0.163079
31494,0.153494
31495,0.106955
31496,0.152756
31497,0.200273
31498,0.171319
31499,0.168042
31500,0.150366
31501,0.168242
31502,0.232579
31503,0.145897
31504,0.141384
31505,0.122247
31506,0.141251
31507,0.206635
31508,0.126552
31509,0.123873
31510,0.186237
31511,0.12471
31512,0.184003
31513,0.131325
31514,0.155718
31515,0.179748
31516,0.117303
31517,0.170299
31518,0.157328
31519,0.175233
31520,0.235496
31521,0.154765
31522,0.215685
31523,0.216435
31524,0.169168
31525,0.187883
31526,0.186728
31527,0.185388
31528,0.110399
31529,0.150838
31530,0.135466
31531,0.117335
31532,0.121397
31533,0.175992
31534,0.119162
31535,0.177355
31536,0.181133
31537,0.090854
31538,0.123238
31539,0.117101
31540,0.099832
31541,0.164794
31542,0.104002
31543,0.163737
31544,0.168013
31545,0.128672
31546,0.168001
31547,0.162805
31548,0.068838
31549,0.129305
31550,0.113805
31551,0.114601
31552,0.100066
31553,0.08295
31554,0.105183
31555,0.172656
31556,0.087415
31557,0.111393
31558,0.101021
31559,0.087785
31560,0.106468
31561,0.168637
31562,0.083698
31563,0.088252
31564,0.166014
31565,0.224182
31566,0.167967
31567,0.164019
31568,0.160379
31569,0.221992
31570,0.116501
31571,0.116423
31572,0.110114
31573,0.107092
31574,0.105278
31575,0.155078
31576,0.095466
31577,0.147787
31578,0.11084
31579,0.146113
31580,0.148714
31581,0.140665
31582,0.207741
31583,0.133379
31584,0.137594
31585,0.134088
31586,0.186634
31587,0.193349
31588,0.059519
31589,0.084152
31590,0.059671
31591,0.07541
31592,0.073091
31593,0.139477
31594,0.036606
31595,0.071525
31596,0.093343
31597,0.083705
31598,0.102318
31599,0.074098
31600,0.091194
31601,0.172538
31602,0.080214
31603,0.145069
31604,0.116843
31605,0.138062
31606,0.218931
31607,0.115729
31608,0.213476
31609,0.127425
31610,0.191874
31611,0.19652
31612,0.130467
31613,0.143762
31614,0.137702
31615,0.15042
31616,0.111686
31617,0.131894
31618,0.21043
31619,0.11493
31620,0.125949
31621,0.208446
31622,0.118798
31623,0.189209
31624,0.188625
31625,0.13901
31626,0.089004
31627,0.096245
31628,0.064338
31629,0.163267
31630,0.062252
31631,0.072376
31632,0.157423
31633,0.039901
31634,0.077905
31635,0.094022
31636,0.090809
31637,0.09054
31638,0.064481
31639,0.087938
31640,0.149758
31641,0.145033
31642,0.095918
31643,0.206995
31644,0.139486
31645,0.135659
31646,0.186772
31647,0.132304
31648,0.189926
31649,0.192255
31650,0.148934
31651,0.142839
31652,0.133496
31653,0.168469
31654,0.160257
31655,0.150419
31656,0.166342
31657,0.224163
31658,0.146024
31659,0.205901
31660,0.164927
31661,0.162636
31662,0.219852
31663,0.147011
31664,0.143746
31665,0.204668
31666,0.209858
31667,0.144713
31668,0.158897
31669,0.139256
31670,0.201048
31671,0.201019
31672,0.201539
31673,0.17672
31674,0.169168
31675,0.231429
31676,0.160438
31677,0.158973
31678,0.215365
31679,0.15159
31680,0.14215
31681,0.134497
31682,0.193029
31683,0.197299
31684,0.138309
31685,0.117128
31686,0.138513
31687,0.204417
31688,0.117604
31689,0.125391
31690,0.125569
31691,0.186431
31692,0.178897
31693,0.132597
31694,0.165689
31695,0.123462
31696,0.136868
31697,0.130163
31698,0.151445
31699,0.149146
31700,0.171196
31701,0.162116
31702,0.222063
31703,0.112999
31704,0.150705
31705,0.206995
31706,0.164205
31707,0.173723
31708,0.227289
31709,0.161384
31710,0.158825
31711,0.216552
31712,0.138387
31713,0.199115
31714,0.144795
31715,0.197989
31716,0.15789
31717,0.228818
31718,0.213861
31719,0.162279
31720,0.138743
31721,0.078239
31722,0.118399
31723,0.08847
31724,0.172106
31725,0.112407
31726,0.16572
31727,0.22721
31728,0.147692
31729,0.150812
31730,0.213121
31731,0.153014
31732,0.156327
31733,0.113866
31734,0.109454
31735,0.110024
31736,0.171662
31737,0.097558
31738,0.100935
31739,0.156634
31740,0.113486
31741,0.146032
31742,0.146616
31743,0.137381
31744,0.13997
31745,0.205396
31746,0.13019
31747,0.131679
31748,0.128429
31749,0.087044
31750,0.146072
31751,0.169995
31752,0.167673
31753,0.157375
31754,0.158846
31755,0.227387
31756,0.153033
31757,0.065761
31758,0.064825
31759,0.051904
31760,0.105529
31761,0.051479
31762,0.107472
31763,0.066652
31764,0.078484
31765,0.090135
31766,0.161604
31767,0.165149
31768,0.158963
31769,0.226469
31770,0.104443
31771,0.177257
31772,0.094446
31773,0.169319
31774,0.111937
31775,0.16656
31776,0.161339
31777,0.150024
31778,0.206492
31779,0.110582
31780,0.116516
31781,0.110516
31782,0.173683
31783,0.096263
31784,0.114557
31785,0.111804
31786,0.099945
31787,0.154885
31788,0.162022
31789,0.114216
31790,0.12189
31791,0.111715
31792,0.109661
31793,0.155962
31794,0.05635
31795,0.148052
31796,0.164153
31797,0.164739
31798,0.157128
31799,0.224464
31800,0.146969
31801,0.151419
31802,0.207085
31803,0.150971
31804,0.144319
31805,0.148817
31806,0.144684
31807,0.211335
31808,0.126987
31809,0.187566
31810,0.201631
31811,0.113301
31812,0.172546
31813,0.094442
31814,0.112143
31815,0.168813
31816,0.161891
31817,0.163973
31818,0.229034
31819,0.15232
31820,0.207724
31821,0.171795
31822,0.176951
31823,0.128026
31824,0.168519
31825,0.171803
31826,0.231661
31827,0.147705
31828,0.148693
31829,0.203782
31830,0.202506
31831,0.212136
31832,0.201092
31833,0.174894
31834,0.173195
31835,0.138862
31836,0.127987
31837,0.181016
31838,0.184194
31839,0.143632
31840,0.176878
31841,0.152739
31842,0.158425
31843,0.164687
31844,0.169489
31845,0.156827
31846,0.145337
31847,0.149043
31848,0.200062
31849,0.173383
31850,0.175682
31851,0.152299
31852,0.173653
31853,0.249723
31854,0.161885
31855,0.247312
31856,0.156171
31857,0.22829
31858,0.222478
31859,0.178692
31860,0.179515
31861,0.184326
31862,0.146394
31863,0.155105
31864,0.115828
31865,0.138422
31866,0.221065
31867,0.121994
31868,0.12934
31869,0.21629
31870,0.201863
31871,0.200415
31872,0.134855
31873,0.149969
31874,0.158779
31875,0.151284
31876,0.156752
31877,0.124623
31878,0.149966
31879,0.168229
31880,0.084565
31881,0.228511
31882,0.149801
31883,0.21629
31884,0.203075
31885,0.180816
31886,0.15062
31887,0.169242
31888,0.248377
31889,0.241572
31890,0.158985
31891,0.225599
31892,0.221911
31893,0.161755
31894,0.186673
31895,0.114374
31896,0.112248
31897,0.106701
31898,0.108207
31899,0.174573
31900,0.091458
31901,0.090056
31902,0.145701
31903,0.138456
31904,0.129021
31905,0.18607
31906,0.196649
31907,0.145123
31908,0.18233
31909,0.162373
31910,0.226488
31911,0.170855
31912,0.1619
31913,0.163473
31914,0.226489
31915,0.155933
31916,0.160968
31917,0.212998
31918,0.141772
31919,0.197597
31920,0.157023
31921,0.192424
31922,0.15182
31923,0.143558
31924,0.212805
31925,0.078703
31926,0.088286
31927,0.054144
31928,0.077597
31929,0.15738
31930,0.057065
31931,0.098185
31932,0.047178
31933,0.073318
31934,0.08972
31935,0.07194
31936,0.079864
31937,0.215255
31938,0.127622
31939,0.194535
31940,0.13652
31941,0.087124
31942,0.098801
31943,0.059854
31944,0.081582
31945,0.168149
31946,0.061867
31947,0.156735
31948,0.141202
31949,0.140555
31950,0.09604
31951,0.059522
31952,0.085534
31953,0.151799
31954,0.154375
31955,0.147966
31956,0.216142
31957,0.126675
31958,0.189805
31959,0.136547
31960,0.190241
31961,0.197871
31962,0.108657
31963,0.10458
31964,0.091147
31965,0.17203
31966,0.08263
31967,0.152525
31968,0.087415
31969,0.177614
31970,0.169575
31971,0.161396
31972,0.176481
31973,0.238632
31974,0.15427
31975,0.154735
31976,0.218787
31977,0.161294
31978,0.216808
31979,0.165926
31980,0.185878
31981,0.111512
31982,0.184031
31983,0.181708
31984,0.143113
31985,0.121769
31986,0.136246
31987,0.204776
31988,0.117407
31989,0.124934
31990,0.180549
31991,0.123344
31992,0.182863
31993,0.185863
31994,0.135538
31995,0.154811
31996,0.161062
31997,0.159191
31998,0.137822
31999,0.158092
32000,0.217692
32001,0.138619
32002,0.137296
32003,0.199903
32004,0.200726
32005,0.200142
32006,0.183275
32007,0.16924
32008,0.155848
32009,0.169327
32010,0.234685
32011,0.159653
32012,0.162052
32013,0.217139
32014,0.160921
32015,0.215323
32016,0.222499
32017,0.169068
32018,0.184285
32019,0.181883
32020,0.18229
32021,0.14628
32022,0.135863
32023,0.12695
32024,0.147486
32025,0.203456
32026,0.125544
32027,0.083003
32028,0.13026
32029,0.186763
32030,0.127845
32031,0.1863
32032,0.184561
32033,0.139489
32034,0.15668
32035,0.172969
32036,0.171148
32037,0.149372
32038,0.16956
32039,0.225258
32040,0.173411
32041,0.16893
32042,0.151567
32043,0.169022
32044,0.123028
32045,0.116966
32046,0.099032
32047,0.119504
32048,0.180814
32049,0.098631
32050,0.100753
32051,0.16185
32052,0.098622
32053,0.163348
32054,0.069223
32055,0.165378
32056,0.110938
32057,0.134537
32058,0.125632
32059,0.133263
32060,0.0913
32061,0.105791
32062,0.10618
32063,0.10419
32064,0.101808
32065,0.166379
32066,0.149472
32067,0.092818
32068,0.158486
32069,0.155376
32070,0.15791
32071,0.215384
32072,0.104799
32073,0.136174
32074,0.138648
32075,0.140087
32076,0.195787
32077,0.169912
32078,0.169254
32079,0.152136
32080,0.109118
32081,0.087163
32082,0.090428
32083,0.091082
32084,0.092751
32085,0.08813
32086,0.075606
32087,0.087786
32088,0.065826
32089,0.067565
32090,0.132544
32091,0.067549
32092,0.128994
32093,0.136402
32094,0.07763
32095,0.098829
32096,0.091342
32097,0.034788
32098,0.070323
32099,0.118261
32100,0.167204
32101,0.116164
32102,0.170165
32103,0.177748
32104,0.23924
32105,0.155278
32106,0.155092
32107,0.223212
32108,0.217226
32109,0.217798
32110,0.178864
32111,0.161693
32112,0.155295
32113,0.141503
32114,0.139858
32115,0.202364
32116,0.198686
32117,0.166543
32118,0.162803
32119,0.201752
32120,0.165626
32121,0.136144
32122,0.143352
32123,0.090216
32124,0.201897
32125,0.125862
32126,0.13261
32127,0.129826
32128,0.179401
32129,0.140947
32130,0.178137
32131,0.072087
32132,0.076327
32133,0.0473
32134,0.070435
32135,0.147975
32136,0.115197
32137,0.10689
32138,0.104108
32139,0.109996
32140,0.096765
32141,0.156157
32142,0.098828
32143,0.149482
32144,0.112311
32145,0.170188
32146,0.163982
32147,0.229601
32148,0.155624
32149,0.204947
32150,0.112298
32151,0.218698
32152,0.168014
32153,0.203592
32154,0.17242
32155,0.163341
32156,0.151427
32157,0.159201
32158,0.220585
32159,0.150349
32160,0.114859
32161,0.112969
32162,0.108779
32163,0.097379
32164,0.11157
32165,0.144789
32166,0.140819
32167,0.139976
32168,0.145323
32169,0.202206
32170,0.125323
32171,0.179555
32172,0.128393
32173,0.180703
32174,0.190385
32175,0.175241
32176,0.13946
32177,0.201383
32178,0.12637
32179,0.129621
32180,0.129607
32181,0.181016
32182,0.190275
32183,0.143138
32184,0.179279
32185,0.155533
32186,0.21628
32187,0.1444
32188,0.194436
32189,0.102058
32190,0.14166
32191,0.195697
32192,0.201963
32193,0.150877
32194,0.160076
32195,0.138854
32196,0.163184
32197,0.166213
32198,0.15414
32199,0.144806
32200,0.109088
32201,0.149614
32202,0.205133
32203,0.167673
32204,0.161295
32205,0.153504
32206,0.160816
32207,0.152662
32208,0.156958
32209,0.216338
32210,0.196118
32211,0.139487
32212,0.20198
32213,0.188784
32214,0.161914
32215,0.162067
32216,0.137629
32217,0.067951
32218,0.033031
32219,0.05835
32220,0.132697
32221,0.01164
32222,0.049738
32223,0.130174
32224,0.045601
32225,0.106402
32226,0.060894
32227,0.069399
32228,0.065809
32229,0.034181
32230,0.054404
32231,0.122458
32232,0.069943
32233,0.0806
32234,0.048702
32235,0.067475
32236,0.143376
32237,0.152594
32238,0.128012
32239,0.085461
32240,0.126252
32241,0.195692
32242,0.197317
32243,0.129265
32244,0.081704
32245,0.088493
32246,0.160167
32247,0.049041
32248,0.066274
32249,0.154077
32250,0.130439
32251,0.149901
32252,0.138438
32253,0.094949
32254,0.140373
32255,0.154012
32256,0.155808
32257,0.124829
32258,0.173894
32259,0.161714
32260,0.244057
32261,0.108792
32262,0.140262
32263,0.156609
32264,0.047294
32265,0.063891
32266,0.150158
32267,0.125579
32268,0.145872
32269,0.104309
32270,0.125927
32271,0.225977
32272,0.210696
32273,0.141161
32274,0.16077
32275,0.171548
32276,0.150933
32277,0.170569
32278,0.166011
32279,0.172827
32280,0.161724
32281,0.227441
32282,0.136662
32283,0.129479
32284,0.13084
32285,0.199172
32286,0.116832
32287,0.121072
32288,0.179657
32289,0.1188
32290,0.185045
32291,0.128292
32292,0.091717
32293,0.084315
32294,0.031445
32295,0.087572
32296,0.147389
32297,0.131098
32298,0.080005
32299,0.096867
32300,0.058694
32301,0.122291
32302,0.170674
32303,0.169138
32304,0.114222
32305,0.16739
32306,0.14802
32307,0.225063
32308,0.14773
32309,0.142974
32310,0.215178
32311,0.111287
32312,0.110906
32313,0.087918
32314,0.09078
32315,0.149766
32316,0.08938
32317,0.174552
32318,0.170432
32319,0.153924
32320,0.227845
32321,0.167424
32322,0.163877
32323,0.161991
32324,0.229575
32325,0.15006
32326,0.151952
32327,0.207689
32328,0.151179
32329,0.203265
32330,0.209997
32331,0.170475
32332,0.202349
32333,0.17371
32334,0.176302
32335,0.141084
32336,0.209516
32337,0.132665
32338,0.188253
32339,0.186777
32340,0.153676
32341,0.16839
32342,0.1564
32343,0.147085
32344,0.164795
32345,0.223123
32346,0.145754
32347,0.151231
32348,0.208851
32349,0.181216
32350,0.162083
32351,0.176624
32352,0.237187
32353,0.157147
32354,0.159953
32355,0.162103
32356,0.22088
32357,0.188526
32358,0.122811
32359,0.11499
32360,0.12358
32361,0.181647
32362,0.101066
32363,0.104677
32364,0.164685
32365,0.163384
32366,0.165606
32367,0.113546
32368,0.135215
32369,0.130645
32370,0.10747
32371,0.157336
32372,0.15423
32373,0.167443
32374,0.151882
32375,0.150657
32376,0.215688
32377,0.146107
32378,0.148639
32379,0.13647
32380,0.138326
32381,0.13576
32382,0.094537
32383,0.185113
32384,0.194278
32385,0.165553
32386,0.161025
32387,0.15783
32388,0.223926
32389,0.146024
32390,0.147457
32391,0.202908
32392,0.151415
32393,0.143879
32394,0.146496
32395,0.131754
32396,0.136971
32397,0.195615
32398,0.136717
32399,0.188206
32400,0.110853
32401,0.112543
32402,0.171572
32403,0.156096
32404,0.227575
32405,0.156141
32406,0.153851
32407,0.070441
32408,0.063034
32409,0.053568
32410,0.113066
32411,0.108708
32412,0.115443
32413,0.048735
32414,0.060604
32415,0.098056
32416,0.165575
32417,0.164496
32418,0.161737
32419,0.161899
32420,0.222496
32421,0.137968
32422,0.137029
32423,0.138858
32424,0.195445
32425,0.114634
32426,0.118966
32427,0.177783
32428,0.17878
32429,0.178275
32430,0.128375
32431,0.168444
32432,0.159681
32433,0.140709
32434,0.16062
32435,0.222285
32436,0.14485
32437,0.206422
32438,0.070339
32439,0.062435
32440,0.047339
32441,0.065145
32442,0.129553
32443,0.047851
32444,0.113165
32445,0.049094
32446,0.109617
32447,0.061444
32448,0.045862
32449,0.057058
32450,0.098195
32451,0.070705
32452,0.074342
32453,0.066466
32454,0.148944
32455,0.045978
32456,0.054075
32457,0.142304
32458,0.12429
32459,0.123827
32460,0.072798
32461,0.072651
32462,0.08019
32463,0.041424
32464,0.067961
32465,0.138182
32466,0.165003
32467,0.146322
32468,0.139128
32469,0.21871
32470,0.212645
32471,0.1919
32472,0.190182
32473,0.131547
32474,0.07014
32475,0.071496
32476,0.147994
32477,0.062593
32478,0.124851
32479,0.062045
32480,0.079834
32481,0.133307
32482,0.163568
32483,0.147971
32484,0.161623
32485,0.157734
32486,0.157631
32487,0.223556
32488,0.14784
32489,0.151115
32490,0.204549
32491,0.149817
32492,0.142991
32493,0.142646
32494,0.143215
32495,0.206474
32496,0.129601
32497,0.13754
32498,0.193056
32499,0.137931
32500,0.18859
32501,0.197077
32502,0.152502
32503,0.142418
32504,0.149141
32505,0.132918
32506,0.139006
32507,0.185933
32508,0.095094
32509,0.141095
32510,0.140099
32511,0.160797
32512,0.110881
32513,0.143031
32514,0.231092
32515,0.080875
32516,0.159942
32517,0.134576
32518,0.153843
32519,0.148513
32520,0.230808
32521,0.146427
32522,0.209023
32523,0.211767
32524,0.075049
32525,0.072994
32526,0.05326
32527,0.149185
32528,0.049062
32529,0.060255
32530,0.125317
32531,0.064253
32532,0.0766
32533,0.077186
32534,0.050748
32535,0.160299
32536,0.128163
32537,0.126003
32538,0.114298
32539,0.183859
32540,0.110384
32541,0.111367
32542,0.165794
32543,0.112961
32544,0.158897
32545,0.170055
32546,0.121333
32547,0.162141
32548,0.127815
32549,0.134855
32550,0.115305
32551,0.167664
32552,0.164345
32553,0.167167
32554,0.155847
32555,0.225485
32556,0.145752
32557,0.154564
32558,0.20588
32559,0.15331
32560,0.164148
32561,0.201827
32562,0.172799
32563,0.145935
32564,0.156314
32565,0.226027
32566,0.153966
32567,0.166554
32568,0.200416
32569,0.16019
32570,0.196223
32571,0.247616
32572,0.20365
32573,0.18498
32574,0.164966
32575,0.167171
32576,0.16937
32577,0.140537
32578,0.158392
32579,0.224799
32580,0.25131
32581,0.231549
32582,0.140316
32583,0.123877
32584,0.126508
32585,0.147496
32586,0.21552
32587,0.165521
32588,0.169833
32589,0.155298
32590,0.224846
32591,0.240804
32592,0.158526
32593,0.165651
32594,0.135416
32595,0.138061
32596,0.176251
32597,0.20683
32598,0.183806
32599,0.159554
32600,0.156984
32601,0.133682
32602,0.177784
32603,0.225877
32604,0.204034
32605,0.197164
32606,0.209495
32607,0.109116
32608,0.169194
32609,0.198954
32610,0.160806
32611,0.186781
32612,0.243771
32613,0.224427
32614,0.214523
32615,0.145784
32616,0.191866
32617,0.191886
32618,0.136707
32619,0.146641
32620,0.213428
32621,0.157563
32622,0.155138
32623,0.164389
32624,0.151819
32625,0.119452
32626,0.139764
32627,0.202978
32628,0.233351
32629,0.215015
32630,0.209349
32631,0.131639
32632,0.137356
32633,0.189569
32634,0.188528
32635,0.19474
32636,0.157183
32637,0.131241
32638,0.144187
32639,0.173969
32640,0.229849
32641,0.202647
32642,0.157899
32643,0.17
32644,0.135792
32645,0.153486
32646,0.194764
32647,0.241598
32648,0.229023
32649,0.190156
32650,0.142816
32651,0.139688
32652,0.109507
32653,0.166289
32654,0.194389
32655,0.191574
32656,0.098892
32657,0.070503
32658,0.08427
32659,0.169852
32660,0.150807
32661,0.147758
32662,0.207871
32663,0.148767
32664,0.19839
32665,0.168412
32666,0.169544
32667,0.173606
32668,0.149521
32669,0.15889
32670,0.223613
32671,0.152354
32672,0.21719
32673,0.142293
32674,0.142693
32675,0.194505
32676,0.138966
32677,0.201795
32678,0.157295
32679,0.193509
32680,0.135647
32681,0.146956
32682,0.182899
32683,0.238284
32684,0.217808
32685,0.146406
32686,0.199203
32687,0.171311
32688,0.170295
32689,0.206321
32690,0.17249
32691,0.175308
32692,0.15043
32693,0.162536
32694,0.194763
32695,0.247891
32696,0.225963
32697,0.142688
32698,0.142737
32699,0.147118
32700,0.208469
32701,0.134537
32702,0.135776
32703,0.19128
32704,0.130679
32705,0.186072
32706,0.195004
32707,0.151411
32708,0.182332
32709,0.156268
32710,0.175321
32711,0.208603
32712,0.089573
32713,0.156589
32714,0.109102
32715,0.117391
32716,0.090145
32717,0.103186
32718,0.132371
32719,0.188808
32720,0.184623
32721,0.160352
32722,0.133607
32723,0.145046
32724,0.180803
32725,0.198827
32726,0.161341
32727,0.200594
32728,0.173282
32729,0.151621
32730,0.192594
32731,0.244019
32732,0.184661
32733,0.209011
32734,0.108586
32735,0.197558
32736,0.172245
32737,0.144587
32738,0.246261
32739,0.224832
32740,0.13708
32741,0.137791
32742,0.138861
32743,0.194657
32744,0.162363
32745,0.135101
32746,0.148868
32747,0.235916
32748,0.201219
32749,0.180456
32750,0.16257
32751,0.2033
32752,0.255177
32753,0.209781
32754,0.160791
32755,0.180275
32756,0.175011
32757,0.141921
32758,0.10905
32759,0.153749
32760,0.196988
32761,0.2258
32762,0.157223
32763,0.191437
32764,0.134329
32765,0.152023
32766,0.165237
32767,0.147782
32768,0.177171
32769,0.21448
32770,0.15985
32771,0.133246
32772,0.141838
32773,0.177841
32774,0.238145
32775,0.211033
32776,0.165751
32777,0.192674
32778,0.251733
32779,0.229617
32780,0.15355
32781,0.212903
32782,0.206981
32783,0.208986
32784,0.1581
32785,0.183269
32786,0.145473
32787,0.197087
32788,0.253805
32789,0.154502
32790,0.120933
32791,0.117535
32792,0.082076
32793,0.138771
32794,0.188466
32795,0.210071
32796,0.130009
32797,0.127646
32798,0.130603
32799,0.094079
32800,0.188384
32801,0.140013
32802,0.157413
32803,0.154059
32804,0.121567
32805,0.208404
32806,0.209069
32807,0.163245
32808,0.176622
32809,0.14019
32810,0.153786
32811,0.199477
32812,0.248175
32813,0.142852
32814,0.142159
32815,0.110651
32816,0.121766
32817,0.166537
32818,0.076544
32819,0.201117
32820,0.150959
32821,0.206617
32822,0.214451
32823,0.165522
32824,0.204806
32825,0.170742
32826,0.175261
32827,0.158444
32828,0.197564
32829,0.246098
32830,0.227049
32831,0.152268
32832,0.139077
32833,0.145899
32834,0.207591
32835,0.135678
32836,0.094906
32837,0.196866
32838,0.182094
32839,0.147972
32840,0.13842
32841,0.14224
32842,0.134451
32843,0.133936
32844,0.131075
32845,0.186748
32846,0.199329
32847,0.14525
32848,0.158938
32849,0.160173
32850,0.129237
32851,0.141737
32852,0.178026
32853,0.235129
32854,0.211151
32855,0.159614
32856,0.152105
32857,0.219923
32858,0.177833
32859,0.180179
32860,0.231
32861,0.137546
32862,0.123572
32863,0.059648
32864,0.020153
32865,0.063302
32866,0.132297
32867,0.163645
32868,0.162105
32869,0.171965
32870,0.176591
32871,0.135637
32872,0.157998
32873,0.223408
32874,0.130261
32875,0.079417
32876,0.076349
32877,0.053821
32878,0.025245
32879,0.073063
32880,0.153603
32881,0.149967
32882,0.221915
32883,0.052069
32884,0.135073
32885,0.122364
32886,0.123483
32887,0.054871
32888,0.067239
32889,0.024022
32890,0.040077
32891,0.061627
32892,0.130701
32893,0.162196
32894,0.150329
32895,0.136173
32896,0.184701
32897,0.103725
32898,0.239211
32899,0.215992
32900,0.151806
32901,0.164153
32902,0.174375
32903,0.115647
32904,0.248872
32905,0.236836
32906,0.205447
32907,0.196247
32908,0.168402
32909,0.151533
32910,0.190799
32911,0.176169
32912,0.244768
32913,0.217972
32914,0.155073
32915,0.122045
32916,0.087497
32917,0.134175
32918,0.169845
32919,0.203737
32920,0.126571
32921,0.23025
32922,0.098069
32923,0.105178
32924,0.141103
32925,0.172525
32926,0.194039
32927,0.205117
32928,0.174028
32929,0.174945
32930,0.142086
32931,0.154003
32932,0.186135
32933,0.246829
32934,0.219937
32935,0.248826
32936,0.124854
32937,0.136732
32938,0.196522
32939,0.1547
32940,0.215172
32941,0.132481
32942,0.188429
32943,0.198228
32944,0.155277
32945,0.19062
32946,0.101354
32947,0.155782
32948,0.149764
32949,0.178292
32950,0.215056
32951,0.042948
32952,0.143487
32953,0.055618
32954,0.121496
32955,0.066397
32956,0.078479
32957,0.080066
32958,0.051808
32959,0.131543
32960,0.163689
32961,0.14866
32962,0.122188
32963,0.137873
32964,0.166442
32965,0.221555
32966,0.202397
32967,0.14501
32968,0.209183
32969,0.13203
32970,0.184176
32971,0.15576
32972,0.142294
32973,0.20742
32974,0.181331
32975,0.161303
32976,0.173941
32977,0.170116
32978,0.164935
32979,0.128837
32980,0.140541
32981,0.144708
32982,0.133189
32983,0.144014
32984,0.128734
32985,0.186694
32986,0.190914
32987,0.090975
32988,0.159536
32989,0.150081
32990,0.130666
32991,0.169742
32992,0.22753
32993,0.202266
32994,0.203224
32995,0.235055
32996,0.07481
32997,0.128034
32998,0.079278
32999,0.096416
33000,0.057082
33001,0.114204
33002,0.168874
33003,0.151772
33004,0.207538
33005,0.208009
33006,0.220202
33007,0.162308
33008,0.179701
33009,0.170154
33010,0.176586
33011,0.1515
33012,0.197152
33013,0.164634
33014,0.16156
33015,0.160764
33016,0.178214
33017,0.218885
33018,0.152554
33019,0.052576
33020,0.097398
33021,0.115027
33022,0.113524
33023,0.108074
33024,0.088328
33025,0.18572
33026,0.170543
33027,0.19839
33028,0.180675
33029,0.151272
33030,0.213217
33031,0.153217
33032,0.213952
33033,0.213227
33034,0.162219
33035,0.186103
33036,0.178561
33037,0.181536
33038,0.140909
33039,0.152811
33040,0.108759
33041,0.200419
33042,0.25118
33043,0.229044
33044,0.214082
33045,0.153151
33046,0.210144
33047,0.21447
33048,0.164798
33049,0.07043
33050,0.176274
33051,0.175797
33052,0.14215
33053,0.15493
33054,0.197485
33055,0.249859
33056,0.231811
33057,0.154276
33058,0.11764
33059,0.130941
33060,0.170174
33061,0.226099
33062,0.201212
33063,0.161352
33064,0.206058
33065,0.254574
33066,0.231996
33067,0.17195
33068,0.161341
33069,0.168514
33070,0.091381
33071,0.127324
33072,0.144905
33073,0.186806
33074,0.237672
33075,0.220909
33076,0.150652
33077,0.118175
33078,0.122214
33079,0.168274
33080,0.224047
33081,0.201603
33082,0.160076
33083,0.204089
33084,0.259725
33085,0.131566
33086,0.145888
33087,0.211607
33088,0.126314
33089,0.13007
33090,0.129419
33091,0.188484
33092,0.19301
33093,0.138274
33094,0.160198
33095,0.148949
33096,0.149939
33097,0.084615
33098,0.121632
33099,0.135302
33100,0.174695
33101,0.235523
33102,0.20734
33103,0.149729
33104,0.097111
33105,0.120089
33106,0.111345
33107,0.081824
33108,0.13913
33109,0.186674
33110,0.168064
33111,0.189847
33112,0.159337
33113,0.153752
33114,0.13736
33115,0.146712
33116,0.176134
33117,0.232093
33118,0.209345
33119,0.177152
33120,0.16547
33121,0.158475
33122,0.116323
33123,0.141148
33124,0.205393
33125,0.220379
33126,0.152063
33127,0.126989
33128,0.144162
33129,0.227357
33130,0.123732
33131,0.222761
33132,0.198433
33133,0.194202
33134,0.138633
33135,0.152869
33136,0.089768
33137,0.124594
33138,0.22782
33139,0.146989
33140,0.087448
33141,0.099473
33142,0.074281
33143,0.09282
33144,0.157937
33145,0.183593
33146,0.17188
33147,0.061892
33148,0.133657
33149,0.129045
33150,0.085512
33151,0.090299
33152,0.056153
33153,0.078129
33154,0.145635
33155,0.173266
33156,0.207645
33157,0.132883
33158,0.13429
33159,0.193545
33160,0.146567
33161,0.185088
33162,0.177993
33163,0.229667
33164,0.209121
33165,0.203635
33166,0.150604
33167,0.204779
33168,0.210312
33169,0.167881
33170,0.203459
33171,0.170176
33172,0.147511
33173,0.159893
33174,0.195357
33175,0.247802
33176,0.222557
33177,0.208085
33178,0.199688
33179,0.211604
33180,0.164417
33181,0.197804
33182,0.170641
33183,0.144341
33184,0.19413
33185,0.245955
33186,0.225469
33187,0.22764
33188,0.155677
33189,0.108266
33190,0.112633
33191,0.09133
33192,0.110144
33193,0.192973
33194,0.172381
33195,0.167697
33196,0.234041
33197,0.262367
33198,0.162837
33199,0.193257
33200,0.248566
33201,0.152204
33202,0.143923
33203,0.147854
33204,0.21334
33205,0.132379
33206,0.190168
33207,0.195001
33208,0.150678
33209,0.185803
33210,0.157087
33211,0.130877
33212,0.175098
33213,0.231964
33214,0.075066
33215,0.07473
33216,0.126525
33217,0.139166
33218,0.123942
33219,0.096157
33220,0.094104
33221,0.075025
33222,0.115352
33223,0.173287
33224,0.152148
33225,0.148632
33226,0.096677
33227,0.133961
33228,0.184656
33229,0.128958
33230,0.180128
33231,0.152106
33232,0.130851
33233,0.173217
33234,0.225524
33235,0.122817
33236,0.140482
33237,0.214747
33238,0.198846
33239,0.144122
33240,0.150456
33241,0.153328
33242,0.127744
33243,0.148581
33244,0.207555
33245,0.243778
33246,0.223675
33247,0.227332
33248,0.120662
33249,0.137326
33250,0.132113
33251,0.19886
33252,0.198573
33253,0.158501
33254,0.160147
33255,0.122906
33256,0.142103
33257,0.208698
33258,0.237741
33259,0.228676
33260,0.153216
33261,0.120421
33262,0.209752
33263,0.235124
33264,0.222778
33265,0.171914
33266,0.234129
33267,0.271471
33268,0.247814
33269,0.210338
33270,0.162886
33271,0.200147
33272,0.170861
33273,0.173121
33274,0.105682
33275,0.157541
33276,0.186419
33277,0.224388
33278,0.126302
33279,0.132564
33280,0.085854
33281,0.119349
33282,0.166489
33283,0.153993
33284,0.152945
33285,0.21557
33286,0.198259
33287,0.153534
33288,0.191571
33289,0.162355
33290,0.16765
33291,0.13681
33292,0.144263
33293,0.235034
33294,0.21294
33295,0.151784
33296,0.133562
33297,0.170116
33298,0.226848
33299,-0.00908
33300,0.147181
33301,0.208795
33302,0.133663
33303,0.128052
33304,0.184659
33305,0.130542
33306,0.14774
33307,0.131153
33308,0.139681
33309,0.233873
33310,0.212054
33311,0.162867
33312,0.190623
33313,0.248465
33314,0.162279
33315,0.194964
33316,0.119565
33317,0.112212
33318,0.093175
33319,0.108502
33320,0.134046
33321,0.192637
33322,0.18503
33323,0.156579
33324,0.130704
33325,0.17594
33326,0.234858
33327,0.161373
33328,0.201637
33329,0.168568
33330,0.170086
33331,0.148187
33332,0.244605
33333,0.119669
33334,0.099142
33335,0.108851
33336,0.144565
33337,0.197412
33338,0.121323
33339,0.095255
33340,0.137976
33341,0.172034
33342,0.107614
33343,0.059165
33344,0.149737
33345,0.092487
33346,0.108402
33347,0.17045
33348,0.151159
33349,0.145619
33350,0.142512
33351,0.20937
33352,0.18898
33353,0.131882
33354,0.18364
33355,0.092583
33356,0.188289
33357,0.156206
33358,0.156414
33359,0.131975
33360,0.177222
33361,0.231111
33362,0.17358
33363,0.173414
33364,0.147604
33365,0.159239
33366,0.194678
33367,0.055611
33368,0.090982
33369,0.155066
33370,0.116247
33371,0.194491
33372,0.17383
33373,0.149969
33374,0.206604
33375,0.108768
33376,0.214362
33377,0.202815
33378,0.15184
33379,0.161751
33380,0.24444
33381,0.221756
33382,0.124864
33383,0.200377
33384,0.211123
33385,0.16461
33386,0.171385
33387,0.144174
33388,0.156227
33389,0.188556
33390,0.110454
33391,0.226584
33392,0.150168
33393,0.126717
33394,0.138395
33395,0.16903
33396,0.225619
33397,0.205913
33398,0.11655
33399,0.114634
33400,0.096018
33401,0.108647
33402,0.167648
33403,0.152762
33404,0.209255
33405,0.139022
33406,0.195707
33407,0.186487
33408,0.148804
33409,0.134073
33410,0.145442
33411,0.177124
33412,0.208957
33413,0.212638
33414,0.162013
33415,0.178363
33416,0.172413
33417,0.159228
33418,0.195849
33419,0.250387
33420,0.226593
33421,0.074289
33422,0.145074
33423,0.12179
33424,0.191062
33425,0.148516
33426,0.165611
33427,0.20063
33428,0.157962
33429,0.188824
33430,0.24774
33431,0.179933
33432,0.17732
33433,0.140089
33434,0.231563
33435,0.147189
33436,0.205972
33437,0.188072
33438,0.189545
33439,0.190891
33440,0.152823
33441,0.151236
33442,0.119491
33443,0.131825
33444,0.210283
33445,0.154731
33446,0.210859
33447,0.164268
33448,0.198619
33449,0.172696
33450,0.174658
33451,0.150494
33452,0.231216
33453,0.225654
33454,0.113021
33455,0.168902
33456,0.218816
33457,0.198723
33458,0.222247
33459,0.142629
33460,0.139713
33461,0.205362
33462,0.203186
33463,0.158251
33464,0.190072
33465,0.242161
33466,0.112288
33467,0.126983
33468,0.170617
33469,0.219812
33470,0.199585
33471,0.162937
33472,0.158737
33473,0.127887
33474,0.140111
33475,0.181186
33476,0.23723
33477,0.219543
33478,0.161897
33479,0.200873
33480,0.248325
33481,0.165609
33482,0.100657
33483,0.219919
33484,0.110712
33485,0.172316
33486,0.171388
33487,0.137212
33488,0.240534
33489,0.188617
33490,0.238415
33491,0.206163
33492,0.20628
33493,0.171999
33494,0.175917
33495,0.140123
33496,0.151128
33497,0.192248
33498,0.241809
33499,0.360497
33500,0.206431
33501,0.128162
33502,0.129392
33503,0.182926
33504,0.130789
33505,0.087414
33506,0.18941
33507,0.143165
33508,0.126912
33509,0.130561
33510,0.172125
33511,0.223777
33512,0.204727
33513,0.186044
33514,0.15299
33515,0.151405
33516,0.135486
33517,0.144341
33518,0.171836
33519,0.206446
33520,0.159527
33521,0.110756
33522,0.131939
33523,0.198714
33524,0.227529
33525,0.210919
33526,0.156661
33527,0.118895
33528,0.142748
33529,0.206811
33530,0.231129
33531,0.105362
33532,0.098234
33533,0.071913
33534,0.095335
33535,0.15898
33536,0.184476
33537,0.175061
33538,0.165385
33539,0.184507
33540,0.156395
33541,0.158744
33542,0.132972
33543,0.175356
33544,0.233856
33545,0.211056
33546,0.123193
33547,0.095002
33548,0.141884
33549,0.192364
33550,0.172766
33551,0.146482
33552,0.136244
33553,0.139945
33554,0.206031
33555,0.136125
33556,0.132737
33557,0.188896
33558,0.133451
33559,0.195554
33560,0.183747
33561,0.157171
33562,0.130089
33563,0.141016
33564,0.211522
33565,0.15098
33566,0.204437
33567,0.147719
33568,0.201543
33569,0.147349
33570,0.157259
33571,0.243045
33572,0.220703
33573,0.207181
33574,0.174958
33575,0.174934
33576,0.17659
33577,0.140686
33578,0.192893
33579,0.227884
33580,0.150331
33581,0.100678
33582,0.110128
33583,0.08272
33584,0.090568
33585,0.13573
33586,0.185266
33587,0.090297
33588,0.146663
33589,0.151356
33590,0.107951
33591,0.111772
33592,0.116441
33593,0.169925
33594,0.144294
33595,0.125122
33596,0.148827
33597,0.210133
33598,0.126838
33599,0.092261
33600,0.128056
33601,0.190584
33602,0.137869
33603,0.154406
33604,0.153196
33605,0.118933
33606,0.229799
33607,0.208141
33608,0.129794
33609,0.163947
33610,0.227976
33611,0.148034
33612,0.147846
33613,0.210022
33614,0.147481
33615,0.20919
33616,0.160754
33617,0.17939
33618,0.172539
33619,0.137882
33620,0.149469
33621,0.196758
33622,0.248088
33623,0.228779
33624,0.19736
33625,0.135619
33626,0.131236
33627,0.129387
33628,0.066526
33629,0.153316
33630,0.142771
33631,0.105403
33632,0.119767
33633,0.166187
33634,0.150335
33635,0.100931
33636,0.096422
33637,0.140894
33638,0.203163
33639,0.127597
33640,0.129584
33641,0.15731
33642,0.153793
33643,0.121505
33644,0.131621
33645,0.15852
33646,0.206523
33647,0.254955
33648,0.151518
33649,0.082761
33650,0.114141
33651,0.125531
33652,0.172069
33653,0.224465
33654,0.202356
33655,0.150648
33656,0.214212
33657,0.156421
33658,0.208869
33659,0.162226
33660,0.18319
33661,0.178867
33662,0.176478
33663,0.142564
33664,0.156638
33665,0.25205
33666,0.231759
33667,0.197331
33668,0.208003
33669,0.161845
33670,0.198678
33671,0.168845
33672,0.171654
33673,0.146609
33674,0.155426
33675,0.186261
33676,0.247302
33677,0.224832
33678,0.141717
33679,0.217143
33680,0.200945
33681,0.198468
33682,0.143332
33683,0.156125
33684,0.162932
33685,0.071359
33686,0.160617
33687,0.188862
33688,0.173285
33689,0.161042
33690,0.156226
33691,0.223457
33692,0.161447
33693,0.176881
33694,0.176784
33695,0.147517
33696,0.263842
33697,0.154379
33698,0.095686
33699,0.141339
33700,0.22615
33701,0.122936
33702,0.221434
33703,0.13005
33704,0.197599
33705,0.15018
33706,0.156874
33707,0.122078
33708,0.227369
33709,0.216502
33710,0.173215
33711,0.225435
33712,0.254421
33713,0.243073
33714,0.133154
33715,0.075303
33716,0.144225
33717,0.119379
33718,0.120368
33719,0.094704
33720,0.138528
33721,0.193377
33722,0.175399
33723,0.247245
33724,0.146175
33725,0.15876
33726,0.241383
33727,0.222774
33728,0.22055
33729,0.160732
33730,0.125998
33731,0.177101
33732,0.177588
33733,0.197781
33734,0.248324
33735,0.225364
33736,0.151844
33737,0.088782
33738,0.128199
33739,0.226027
33740,0.203381
33741,0.171891
33742,0.261419
33743,0.254197
33744,0.145512
33745,0.215868
33746,0.136199
33747,0.138602
33748,0.194679
33749,0.19835
33750,0.155232
33751,0.190581
33752,0.161344
33753,0.100749
33754,0.14785
33755,0.21271
33756,0.209033
33757,0.152719
33758,0.207838
33759,0.203443
33760,0.172595
33761,0.176671
33762,0.16019
33763,0.151823
33764,0.208585
33765,0.204259
33766,0.208516
33767,0.164879
33768,0.203911
33769,0.171624
33770,0.172288
33771,0.113528
33772,0.148647
33773,0.159946
33774,0.197236
33775,0.225456
33776,0.214108
33777,0.22706
33778,0.202243
33779,0.208496
33780,0.197061
33781,0.169178
33782,0.173379
33783,0.14981
33784,0.112907
33785,0.182536
33786,0.240622
33787,0.147507
33788,0.116659
33789,0.106484
33790,0.140194
33791,0.18617
33792,0.170625
33793,0.150882
33794,0.141361
33795,0.205407
33796,0.132131
33797,0.128503
33798,0.185992
33799,0.183468
33800,0.149917
33801,0.186541
33802,0.220177
